{"F5FormulaWinnerPer":48.519397269397274,"F5SeriesWinnerPer":42.51442723942724,"F5NextWinnerPer":39.069272394272396,"F5OverallWinnerPer":44.80182317682317,"FinalFormulaWinnerPer":53.73650516150517,"FinalSeriesWinnerPer":54.03991841491841,"FinalNextWinnerPer":47.30685980685979,"FinalOverallWinnerPer":54.03175990675992,"handicapAvg":4.708333333333333,"handicapLostAvg":-2.730769230769231,"handicapF5Avg":4.5,"handicapF5LostAvg":-1.6071428571428572,"DaysInScope":50}