{
    "F5FormulaWinnerPer": 75.60975609756098,
    "F5SeriesWinnerPer": 68.29268292682927,
    "F5NextWinnerPer": 24.390243902439025,
    "F5OverallWinnerPer": 68.29268292682927,
    "FinalFormulaWinnerPer": 75.60975609756098,
    "FinalSeriesWinnerPer": 78.04878048780488,
    "FinalNextWinnerPer": 21.951219512195124,
    "FinalOverallWinnerPer": 78.04878048780488,
    "handicapAvg": 4.4375,
    "handicapLostAvg": -3.5555555555555554,
    "handicapF5Avg": 3.5714285714285716,
    "handicapF5LostAvg": -1.8461538461538463,
    "DaysInScope": 41
}