{"F5FormulaWinnerPer":74,"F5SeriesWinnerPer":68,"F5NextWinnerPer":54,"F5OverallWinnerPer":64,"FinalFormulaWinnerPer":72,"FinalSeriesWinnerPer":60,"FinalNextWinnerPer":54,"FinalOverallWinnerPer":60,"handicapAvg":5.230769230769231,"handicapLostAvg":-0.8333333333333334,"handicapF5Avg":3.6785714285714284,"handicapF5LostAvg":-0.6363636363636364,"DaysInScope":50}