{"FinalFormulaWinnerPer":79.48717948717949,"FinalSeriesWinnerPer":82.05128205128206,"FinalNextWinnerPer":17.94871794871795,"FinalOverallWinnerPer":82.05128205128206,"handicapAvg":4.4375,"handicapLostAvg":-3.7142857142857144,"DaysInScope":39}