{"F5FormulaWinnerPer":49.66832812577494,"F5SeriesWinnerPer":43.97086069958411,"F5NextWinnerPer":39.84987530200297,"F5OverallWinnerPer":46.21083703530512,"FinalFormulaWinnerPer":54.11316520359074,"FinalSeriesWinnerPer":55.01621605345009,"FinalNextWinnerPer":48.61326616645765,"FinalOverallWinnerPer":55.38056801354675,"handicapAvg":4.782608695652174,"handicapLostAvg":-2.9583333333333335,"handicapF5Avg":4.55,"handicapF5LostAvg":-1.6296296296296295,"DaysInScope":47}