{"FinalFormulaWinnerPer":76.3157894736842,"FinalSeriesWinnerPer":78.94736842105263,"FinalNextWinnerPer":21.05263157894737,"FinalOverallWinnerPer":78.94736842105263,"handicapAvg":4.366666666666666,"handicapLostAvg":-3.5,"DaysInScope":38}