{
    "F5FormulaWinnerPer": 77.27272727272727,
    "F5SeriesWinnerPer": 70.45454545454545,
    "F5NextWinnerPer": 22.727272727272727,
    "F5OverallWinnerPer": 70.45454545454545,
    "FinalFormulaWinnerPer": 75,
    "FinalSeriesWinnerPer": 77.27272727272727,
    "FinalNextWinnerPer": 22.727272727272727,
    "FinalOverallWinnerPer": 77.27272727272727,
    "handicapAvg": 4.294117647058823,
    "handicapLostAvg": -3.3,
    "handicapF5Avg": 3.4838709677419355,
    "handicapF5LostAvg": -1.8461538461538463,
    "DaysInScope": 44
}