{"FinalFormulaWinnerPer":73.6842105263158,"FinalSeriesWinnerPer":65.78947368421052,"FinalNextWinnerPer":52.63157894736842,"FinalOverallWinnerPer":65.78947368421052,"handicapAvg":4.178571428571429,"handicapLostAvg":-1.8,"DaysInScope":38}