{"F5FormulaWinnerPer":48.70009725123361,"F5SeriesWinnerPer":42.56952327975056,"F5NextWinnerPer":38.79932567432568,"F5OverallWinnerPer":44.844530469530476,"FinalFormulaWinnerPer":53.92418187872733,"FinalSeriesWinnerPer":53.88095805709441,"FinalNextWinnerPer":47.71649751763387,"FinalOverallWinnerPer":54.47713271576909,"handicapAvg":10,"handicapLostAvg":null,"handicapF5Avg":3.5238095238095237,"handicapF5LostAvg":-0.6521739130434783,"DaysInScope":44}