{"F5FormulaWinnerPer":75.51020408163265,"F5SeriesWinnerPer":69.38775510204081,"F5NextWinnerPer":55.10204081632653,"F5OverallWinnerPer":65.3061224489796,"FinalFormulaWinnerPer":73.46938775510205,"FinalSeriesWinnerPer":61.224489795918366,"FinalNextWinnerPer":55.10204081632653,"FinalOverallWinnerPer":61.224489795918366,"handicapAvg":5.230769230769231,"handicapLostAvg":-0.6521739130434783,"handicapF5Avg":3.6785714285714284,"handicapF5LostAvg":-0.6190476190476191,"DaysInScope":49}