{"F5FormulaWinnerPer":48.352350264114975,"F5SeriesWinnerPer":42.46512474453651,"F5NextWinnerPer":39.08752195516902,"F5OverallWinnerPer":44.707669781199186,"FinalFormulaWinnerPer":53.33644296879593,"FinalSeriesWinnerPer":53.63390694273047,"FinalNextWinnerPer":47.03286909169261,"FinalOverallWinnerPer":53.62590840532019,"handicapAvg":4.708333333333333,"handicapLostAvg":-2.5925925925925926,"handicapF5Avg":4.5,"handicapF5LostAvg":-1.5517241379310345,"DaysInScope":51}