{
    "F5FormulaWinnerPer": 76.19047619047619,
    "F5SeriesWinnerPer": 73.80952380952381,
    "F5NextWinnerPer": 52.38095238095238,
    "F5OverallWinnerPer": 69.04761904761905,
    "FinalFormulaWinnerPer": 73.80952380952381,
    "FinalSeriesWinnerPer": 64.28571428571429,
    "FinalNextWinnerPer": 52.38095238095238,
    "FinalOverallWinnerPer": 64.28571428571429,
    "handicapAvg": 3.967741935483871,
    "handicapLostAvg": -1.7272727272727273,
    "handicapF5Avg": 3.21875,
    "handicapF5LostAvg": -1.6,
    "DaysInScope": 42
}