{"FinalFormulaWinnerPer":74.35897435897436,"FinalSeriesWinnerPer":64.1025641025641,"FinalNextWinnerPer":51.282051282051285,"FinalOverallWinnerPer":64.1025641025641,"handicapAvg":4.068965517241379,"handicapLostAvg":-1.8,"DaysInScope":39}