{"F5FormulaWinnerPer":75,"F5SeriesWinnerPer":70.83333333333333,"F5NextWinnerPer":56.25,"F5OverallWinnerPer":66.66666666666667,"FinalFormulaWinnerPer":72.91666666666667,"FinalSeriesWinnerPer":62.5,"FinalNextWinnerPer":56.25,"FinalOverallWinnerPer":62.5,"handicapAvg":5.16,"handicapLostAvg":-0.6521739130434783,"handicapF5Avg":3.7037037037037037,"handicapF5LostAvg":-0.6190476190476191,"DaysInScope":48}