{"F5FormulaWinnerPer":77.27272727272727,"F5SeriesWinnerPer":70.45454545454545,"F5NextWinnerPer":22.727272727272727,"F5OverallWinnerPer":70.45454545454545,"FinalFormulaWinnerPer":75,"FinalSeriesWinnerPer":77.27272727272727,"FinalNextWinnerPer":22.727272727272727,"FinalOverallWinnerPer":77.27272727272727,"handicapAvg":4.862068965517241,"handicapLostAvg":-1.8666666666666667,"handicapF5Avg":4.08,"handicapF5LostAvg":-0.9473684210526315,"DaysInScope":44}