{"F5FormulaWinnerPer":74.46808510638297,"F5SeriesWinnerPer":72.34042553191489,"F5NextWinnerPer":55.319148936170215,"F5OverallWinnerPer":68.08510638297872,"FinalFormulaWinnerPer":72.34042553191489,"FinalSeriesWinnerPer":63.829787234042556,"FinalNextWinnerPer":55.319148936170215,"FinalOverallWinnerPer":63.829787234042556,"handicapAvg":5.291666666666667,"handicapLostAvg":-0.6521739130434783,"handicapF5Avg":3.7037037037037037,"handicapF5LostAvg":-0.7,"DaysInScope":47}