{"F5FormulaWinnerPer":48.97471846335483,"F5SeriesWinnerPer":42.683159643386915,"F5NextWinnerPer":39.09288628038628,"F5OverallWinnerPer":45.27066683316683,"FinalFormulaWinnerPer":54.350318242363706,"FinalSeriesWinnerPer":54.146109572245926,"FinalNextWinnerPer":48.16157327520963,"FinalOverallWinnerPer":55.05478423092059,"handicapAvg":4.761904761904762,"handicapLostAvg":-2.8260869565217392,"handicapF5Avg":4.5,"handicapF5LostAvg":-1.5769230769230769,"DaysInScope":44}