{"F5FormulaWinnerPer":49.37761890886892,"F5SeriesWinnerPer":43.50122967310468,"F5NextWinnerPer":40.35895528083029,"F5OverallWinnerPer":45.99215888278388,"FinalFormulaWinnerPer":54.02747426184927,"FinalSeriesWinnerPer":55.35814012376512,"FinalNextWinnerPer":48.49334693084692,"FinalOverallWinnerPer":55.26847284659786,"handicapAvg":4.708333333333333,"handicapLostAvg":-2.9583333333333335,"handicapF5Avg":4.523809523809524,"handicapF5LostAvg":-1.6296296296296295,"DaysInScope":48}